Case,D614G,N501*,N501Y,P314L,P681H,Q27*,S235F,T1001I,Y508H,del:11288:9,del:21765:6,del:21767:3,snp:A28111G,snp:C3267T,snp:G24914C
P10,var,other (Y),var,var,var,var,var,var,ref,var,var,var,var,var,var
C4,var,other (Y),var,var,var,var,var,var,ref,var,var,var,var,var,var
C5,var,other (Y),var,var,var,var,var,var,ref,var,var,var,var,var,var
P9,var,other (Y),var,var,var,var,var,var,ref,var,var,var,var,var,var
P11,var,other (Y),var,var,var,var,var,var,ref,var,var,var,var,var,var
C1,var,other (Y),var,var,var,var,var,var,var,var,var,var,var,var,var
C2,var,other (Y),var,var,var,var,var,var,var,var,var,var,var,var,var
P1,var,other (Y),var,var,var,var,var,var,var,var,var,var,var,var,var
P2,var,other (Y),var,var,var,var,var,var,var,var,var,var,var,var,var
P3,var,other (Y),var,var,var,var,var,var,var,var,var,var,var,var,var
P6,var,other (Y),var,var,var,var,var,var,var,var,var,var,var,var,var
P4,var,other (Y),var,var,var,var,var,var,var,var,var,var,var,var,var
P5,var,other (Y),var,var,var,var,var,var,var,var,var,var,var,var,var
C3,var,other (Y),var,var,var,var,var,var,var,var,var,var,var,var,var